{"name":"promptcloud_amazon-product-details-usa-2020","title":"Amazon Product Details USA 2020","description":"This dataset contains a sample of 30K records of amazon products USA dated January to March 2020.\n\n---\n{\"editor\":\"simple\"}\n---\n### Context\n\nThis dataset was created by our in house teams at [PromptClou](https://www.promptcloud.com/) d and [DataStock](https://datastock.shop/) . This dataset contains 30K records of product details from amazon USA. You can download the full dataset [here](https://app.datastock.shop/?site_name=Amazon_USA_Product_Listings) . \n\n### Content\n\nThis dataset contains the following\nTotal Records Count:: 806353  \nDomain Name: amazon.com  \nDate Range: 01st Jan 2020 - 31st Mar 2020   \nFile Extension: CSV\n\nAvailable Fields: Uniq Id, Crawl Timestamp, Pageurl, Ean, Lowest Price, Date Time Of Crawl Completion \n\n### Acknowledgements\n\nWe wouldn't be here without the help of our web scraping and data mining teams at PromptCloud and DataStock. \n\n\n### Inspiration\nThis dataset was created by the demand for product details and reviews from different e-commerce websites across the world. As we all know Amazon is the biggest and it made sense to start from there.","homepage":"https://data.world/promptcloud/amazon-product-details-usa-2020","license":"Public Domain","resources":[{"name":"marketing_sample_for_amazon_com_product_details_20200101_20200331_30k_data","schema":{"fields":[{"name":"uniq_id","title":"Uniq Id","type":"string","rdfType":"http://www.w3.org/2001/XMLSchema#string","dwSourceId":"uniq_id"},{"name":"crawl_timestamp","title":"Crawl Timestamp","type":"string","rdfType":"http://www.w3.org/2001/XMLSchema#string","dwSourceId":"crawl_timestamp"},{"name":"pageurl","title":"Pageurl","type":"string","rdfType":"http://www.w3.org/2001/XMLSchema#anyURI","dwSourceId":"pageurl"},{"name":"ean","title":"Ean","type":"integer","rdfType":"http://www.w3.org/2001/XMLSchema#integer","dwSourceId":"ean"},{"name":"lowest_price","title":"Lowest Price","type":"string","rdfType":"http://www.w3.org/2001/XMLSchema#string","dwSourceId":"lowest_price"},{"name":"date_time_of_crawl_completion","title":"Date Time Of Crawl Completion","type":"string","rdfType":"http://www.w3.org/2001/XMLSchema#string","dwSourceId":"date_time_of_crawl_completion"}]},"path":"data/marketing_sample_for_amazon_com_product_details_20200101_20200331_30k_data.csv","format":"csv"},{"name":"original/home/sdf/marketing_sample_for_amazon_com-product_details__20200101_20200331__30k_data.csv","description":"This dataset was created by our in house teams at PromptCloud and DataStock. This dataset contains 30K records of product details from amazon USA. You can download the full dataset here.","path":"original/home/sdf/marketing_sample_for_amazon_com-product_details__20200101_20200331__30k_data.csv","format":"csv","mediatype":"text/csv","bytes":7793844,"keywords":["raw data","clean data","visualization"]}],"keywords":["shopping","datasets","datastock","data extraction","amazon","products"]}